img_filename,bedrooms,bathrooms,sqft_living,price
prop_0.jpg,4,1,1125,123267
prop_1.jpg,5,3,1859,202745
prop_2.jpg,3,2,3967,944945
prop_3.jpg,5,1,1715,277164
prop_4.jpg,5,1,4020,655626
prop_5.jpg,2,1,916,251484
prop_6.jpg,3,3,2143,651831
prop_7.jpg,3,2,3105,1012323
prop_8.jpg,3,1,3424,1229268
prop_9.jpg,5,1,1969,1388732
prop_10.jpg,4,1,4344,1392568
prop_11.jpg,3,3,3465,636771
prop_12.jpg,5,3,1960,950857
prop_13.jpg,2,2,3227,683044
prop_14.jpg,4,3,4320,663176
prop_15.jpg,2,1,1201,811095
prop_16.jpg,4,2,1506,953727
prop_17.jpg,5,1,4070,1154978
prop_18.jpg,1,1,1599,1282928
prop_19.jpg,4,3,2039,989474
prop_20.jpg,2,2,1090,205999
prop_21.jpg,5,3,3200,1186531
prop_22.jpg,4,3,1880,190640
prop_23.jpg,1,2,3875,316582
prop_24.jpg,1,1,2084,520573
prop_25.jpg,3,1,4227,181476
prop_26.jpg,3,2,4294,1475531
prop_27.jpg,2,1,1027,1335856
prop_28.jpg,4,2,2965,795510
prop_29.jpg,4,2,2716,818646
prop_30.jpg,3,3,1469,757144
prop_31.jpg,4,2,2795,534568
prop_32.jpg,4,3,3633,1354717
prop_33.jpg,1,1,4763,1018320
prop_34.jpg,3,1,4914,754736
prop_35.jpg,5,1,3801,1346607
prop_36.jpg,3,1,2586,1088021
prop_37.jpg,5,3,3909,1287756
prop_38.jpg,1,1,1054,186234
prop_39.jpg,2,2,3437,298352
prop_40.jpg,4,2,2309,1248035
prop_41.jpg,1,2,4957,529995
prop_42.jpg,4,3,1684,315004
prop_43.jpg,2,1,4075,586152
prop_44.jpg,2,1,3706,1227739
prop_45.jpg,1,1,1437,171934
prop_46.jpg,2,3,2741,545523
prop_47.jpg,5,2,3355,960530
prop_48.jpg,2,2,1424,125486
prop_49.jpg,4,1,3850,1307983
prop_50.jpg,4,2,3268,993332
prop_51.jpg,4,2,4747,1159458
prop_52.jpg,4,3,3601,340184
prop_53.jpg,5,3,1871,786490
prop_54.jpg,3,3,2066,442710
prop_55.jpg,1,3,3674,317775
prop_56.jpg,4,1,2882,409336
prop_57.jpg,2,3,1753,907494
prop_58.jpg,4,2,4636,1258356
prop_59.jpg,2,1,4669,1321193
prop_60.jpg,2,2,1474,665977
prop_61.jpg,4,2,4161,1032606
prop_62.jpg,5,2,2048,1009465
prop_63.jpg,2,3,2615,653636
prop_64.jpg,2,3,4754,1061218
prop_65.jpg,4,1,3391,158102
prop_66.jpg,2,1,3560,194460
prop_67.jpg,2,3,4024,1258506
prop_68.jpg,4,2,3951,299208
prop_69.jpg,4,1,904,1323273
prop_70.jpg,1,3,1776,333945
prop_71.jpg,5,3,1891,351915
prop_72.jpg,5,3,1535,847952
prop_73.jpg,2,2,2593,328124
prop_74.jpg,5,3,2582,557477
prop_75.jpg,2,3,1019,645830
prop_76.jpg,1,3,1730,1452397
prop_77.jpg,4,3,4575,1346380
prop_78.jpg,4,1,2269,159081
prop_79.jpg,4,1,1640,838216
prop_80.jpg,5,3,1016,475249
prop_81.jpg,1,2,3738,1388506
prop_82.jpg,5,1,2050,925497
prop_83.jpg,5,3,2831,637313
prop_84.jpg,1,1,1912,1383108
prop_85.jpg,1,1,2564,732380
prop_86.jpg,1,2,1981,1485413
prop_87.jpg,1,3,1412,1457682
prop_88.jpg,4,3,3749,1196871
prop_89.jpg,3,2,1459,1182383
prop_90.jpg,3,2,4572,277504
prop_91.jpg,1,3,4243,1406643
prop_92.jpg,3,3,4970,812440
prop_93.jpg,3,2,2370,514540
prop_94.jpg,1,1,1480,637923
prop_95.jpg,3,1,3194,1335557
prop_96.jpg,5,2,4047,864699
prop_97.jpg,2,1,2579,139870
prop_98.jpg,2,2,4406,1072082
prop_99.jpg,1,1,3644,1371772
prop_100.jpg,4,1,4256,368683
prop_101.jpg,1,3,4945,1403253
prop_102.jpg,4,3,2143,146790
prop_103.jpg,2,1,4018,931721
prop_104.jpg,1,1,3041,568345
prop_105.jpg,5,3,3959,869074
prop_106.jpg,3,3,3859,1254764
prop_107.jpg,4,3,3165,649036
prop_108.jpg,3,2,3379,910141
prop_109.jpg,3,1,2535,768249
prop_110.jpg,1,3,2657,1198931
prop_111.jpg,3,1,2970,831131
prop_112.jpg,5,2,3749,571015
prop_113.jpg,3,2,4151,276542
prop_114.jpg,1,3,4630,1341992
prop_115.jpg,5,2,3389,425062
prop_116.jpg,2,1,2531,986651
prop_117.jpg,3,3,3716,1230205
prop_118.jpg,1,1,1915,1496760
prop_119.jpg,2,1,2248,875195
prop_120.jpg,2,2,3987,410160
prop_121.jpg,4,2,3739,333920
prop_122.jpg,5,2,1235,1411380
prop_123.jpg,3,2,1795,773983
prop_124.jpg,1,2,4446,941052
prop_125.jpg,4,3,1751,248148
prop_126.jpg,5,1,2587,1361290
prop_127.jpg,4,1,2831,851899
prop_128.jpg,5,1,4646,403876
prop_129.jpg,5,1,3327,379747
prop_130.jpg,3,2,2468,735650
prop_131.jpg,5,1,4900,543570
prop_132.jpg,4,3,3638,395987
prop_133.jpg,5,3,4398,1147512
prop_134.jpg,3,1,4813,758353
prop_135.jpg,3,1,1966,978158
prop_136.jpg,4,3,3344,137640
prop_137.jpg,2,3,4273,172528
prop_138.jpg,2,2,4869,379214
prop_139.jpg,5,3,3446,1090240
prop_140.jpg,1,2,1653,621108
prop_141.jpg,5,2,2982,754421
prop_142.jpg,4,2,3674,1318735
prop_143.jpg,4,2,3796,1341078
prop_144.jpg,4,2,1675,275576
prop_145.jpg,4,1,2525,1044618
prop_146.jpg,4,3,3969,985291
prop_147.jpg,3,2,1317,1006089
prop_148.jpg,2,3,1014,1048479
prop_149.jpg,4,3,1516,1179599
